Classificação,N_titulos,Soma_total,Media,Desvio_padrao,Min,Max,Q1,Q3,CV_%
001.42,10,173,17.3,17.5312419538504,2,58,8.0,16.25,101.34
004.2,3,24,8.0,7.0,1,15,4.5,11.5,87.5
004.22,1,21,21.0,,21,21,21.0,21.0,
004.36,1,35,35.0,,35,35,35.0,35.0,
004.6,7,397,56.714285714285715,72.64230696986958,1,191,6.5,90.5,128.08
004.62,3,8,2.6666666666666665,0.5773502691896258,2,3,2.5,3.0,21.65
004.66,1,4,4.0,,4,4,4.0,4.0,
005.1,32,1411,44.09375,71.49345080540257,1,356,7.5,41.25,162.14
005.12,1,17,17.0,,17,17,17.0,17.0,
005.13,7,343,49.0,46.09772228646444,7,127,18.5,71.0,94.08
005.14,2,46,23.0,15.556349186104045,12,34,17.5,28.5,67.64
005.15,1,3,3.0,,3,3,3.0,3.0,
005.16,3,7,2.3333333333333335,1.5275252316519468,1,4,1.5,3.0,65.47
005.26,1,6,6.0,,6,6,6.0,6.0,
005.3,2,2,1.0,0.0,1,1,1.0,1.0,0.0
005.4,1,10,10.0,,10,10,10.0,10.0,
005.43,6,247,41.166666666666664,46.04961092850478,3,115,5.0,67.25,111.86
005.72,1,11,11.0,,11,11,11.0,11.0,
005.73,4,552,138.0,163.31768632535383,6,350,11.25,224.75,118.35
005.74,4,52,13.0,15.76916823001983,1,36,4.0,16.5,121.3
005.75,1,155,155.0,,155,155,155.0,155.0,
005.8,1,4,4.0,,4,4,4.0,4.0,
006.3,6,257,42.833333333333336,86.96761849485512,1,219,2.25,22.5,203.04
006.32,1,21,21.0,,21,21,21.0,21.0,
006.6,5,127,25.4,29.03101789465881,3,67,5.0,45.0,114.3
006.7,2,37,18.5,9.192388155425117,12,25,15.25,21.75,49.69
109,1,23,23.0,,23,23,23.0,23.0,
128.2,2,19,9.5,6.363961030678928,5,14,7.25,11.75,66.99
150.195,1,3,3.0,,3,3,3.0,3.0,
155.24,1,2,2.0,,2,2,2.0,2.0,
158.2,1,6,6.0,,6,6,6.0,6.0,
17.490.904,2,220,110.0,69.29646455628166,61,159,85.5,134.5,63.0
174.4,1,58,58.0,,58,58,58.0,58.0,
204.35,1,1,1.0,,1,1,1.0,1.0,
3,1,5,5.0,,5,5,5.0,5.0,
3.438.104,1,1,1.0,,1,1,1.0,1.0,
300.722,1,2,2.0,,2,2,2.0,2.0,
307.76,1,1,1.0,,1,1,1.0,1.0,
310,1,11,11.0,,11,11,11.0,11.0,
327.101,1,4,4.0,,4,4,4.0,4.0,
330,2,8,4.0,1.4142135623730951,3,5,3.5,4.5,35.36
332.6,1,4,4.0,,4,4,4.0,4.0,
332.678,1,9,9.0,,9,9,9.0,9.0,
333.715,1,8,8.0,,8,8,8.0,8.0,
333.91,1,1,1.0,,1,1,1.0,1.0,
337,1,4,4.0,,4,4,4.0,4.0,
340,1,1,1.0,,1,1,1.0,1.0,
340.112,1,52,52.0,,52,52,52.0,52.0,
341.617,1,4,4.0,,4,4,4.0,4.0,
344.810.465,1,1,1.0,,1,1,1.0,1.0,
36.370.071,1,2,2.0,,2,2,2.0,2.0,
363.11,1,7,7.0,,7,7,7.0,7.0,
370.1,1,25,25.0,,25,25,25.0,25.0,
370.115,1,1,1.0,,1,1,1.0,1.0,
388.4,1,10,10.0,,10,10,10.0,10.0,
389.1,1,31,31.0,,31,31,31.0,31.0,
398.5,1,2,2.0,,2,2,2.0,2.0,
4,6,371,61.833333333333336,125.49648069434723,1,316,1.75,33.25,202.96
4.019,3,369,123.0,113.24751652906124,3,228,70.5,183.0,92.07
4.072,1,61,61.0,,61,61,61.0,61.0,
4.256,1,167,167.0,,167,167,167.0,167.0,
4.678,1,3,3.0,,3,3,3.0,3.0,
40.151,1,224,224.0,,224,224,224.0,224.0,
40.711,1,2,2.0,,2,2,2.0,2.0,
423.69,1,1,1.0,,1,1,1.0,1.0,
428.24,1,2,2.0,,2,2,2.0,2.0,
463.69,1,1,1.0,,1,1,1.0,1.0,
469.03,1,20,20.0,,20,20,20.0,20.0,
5.102.462,2,16,8.0,8.48528137423857,2,14,5.0,11.0,106.07
5.106,1,79,79.0,,79,79,79.0,79.0,
5.114,2,4,2.0,1.4142135623730951,1,3,1.5,2.5,70.71
5.117,8,168,21.0,20.30481997668815,5,65,6.5,25.0,96.69
5.131,2,82,41.0,41.012193308819754,12,70,26.5,55.5,100.03
5.133,14,412,29.428571428571427,39.28537462390628,1,155,8.0,28.75,133.49
5.195.024.658,1,17,17.0,,17,17,17.0,17.0,
5.369,1,2,2.0,,2,2,2.0,2.0,
5.453,1,144,144.0,,144,144,144.0,144.0,
5.819.813,1,1,1.0,,1,1,1.0,1.0,
509,1,4,4.0,,4,4,4.0,4.0,
51.068,1,37,37.0,,37,37,37.0,37.0,
510,13,2314,178.0,328.07646466436245,4,1183,17.0,216.0,184.31
510.7,1,3,3.0,,3,3,3.0,3.0,
511.3,11,1198,108.9090909090909,254.36094611612629,4,868,11.5,66.5,233.55
511.5,1,2,2.0,,2,2,2.0,2.0,
511.8,1,9,9.0,,9,9,9.0,9.0,
512,2,192,96.0,132.93607486307093,2,190,49.0,143.0,138.48
512.5,9,1212,134.66666666666666,247.40755849407674,2,775,11.0,138.0,183.72
515,10,2312,231.2,621.4434451786869,1,1993,8.5,47.0,268.79
515.15,1,119,119.0,,119,119,119.0,119.0,
515.35,4,651,162.75,222.4175877338241,1,473,1.75,249.5,136.66
515.62,1,23,23.0,,23,23,23.0,23.0,
519,1,1,1.0,,1,1,1.0,1.0,
519.2,2,19,9.5,4.949747468305833,6,13,7.75,11.25,52.1
519.3,1,5,5.0,,5,5,5.0,5.0,
519.4,5,184,36.8,33.55890343858095,1,73,1.0,56.0,91.19
519.5,8,501,62.625,49.523262931965334,8,154,22.75,81.0,79.08
519.535,1,2,2.0,,2,2,2.0,2.0,
519.72,1,5,5.0,,5,5,5.0,5.0,
519.82,1,3,3.0,,3,3,3.0,3.0,
52.698.076,1,13,13.0,,13,13,13.0,13.0,
520,1,5,5.0,,5,5,5.0,5.0,
526,1,9,9.0,,9,9,9.0,9.0,
526.98,2,29,14.5,0.7071067811865476,14,15,14.25,14.75,4.88
530,8,1639,204.875,431.2415423601289,4,1258,9.0,149.75,210.49
530.07,1,11,11.0,,11,11,11.0,11.0,
530.09,1,3,3.0,,3,3,3.0,3.0,
530.287,1,15,15.0,,15,15,15.0,15.0,
531,1,229,229.0,,229,229,229.0,229.0,
531.12,1,318,318.0,,318,318,318.0,318.0,
532,2,199,99.5,130.8147545195113,7,192,53.25,145.75,131.47
54.476,1,85,85.0,,85,85,85.0,85.0,
540,3,803,267.6666666666667,200.00083333159722,42,423,190.0,380.5,74.72
551.48,2,6,3.0,2.8284271247461903,1,5,2.0,4.0,94.28
556,1,1,1.0,,1,1,1.0,1.0,
57.585,1,5,5.0,,5,5,5.0,5.0,
574.068,1,287,287.0,,287,287,287.0,287.0,
577,1,3,3.0,,3,3,3.0,3.0,
6.200.042,1,2,2.0,,2,2,2.0,2.0,
6.201.054,1,4,4.0,,4,4,4.0,4.0,
6.201.123,2,39,19.5,7.7781745930520225,14,25,16.75,22.25,39.89
6.213.678,1,17,17.0,,17,17,17.0,17.0,
6.214.021,4,956,239.0,261.7925387273925,3,496,18.75,448.75,109.54
6.214.022,3,245,81.66666666666667,112.16654284292323,11,211,17.0,117.0,137.35
6.218.672,3,3,1.0,0.0,1,1,1.0,1.0,0.0
6.241.821,4,146,36.5,39.67786956646404,16,96,16.0,37.5,108.71
6.241.834,2,89,44.5,57.27564927611035,4,85,24.25,64.75,128.71
6.332,1,2,2.0,,2,2,2.0,2.0,
6.581.552,3,31,10.333333333333334,7.505553499465135,6,19,6.0,12.5,72.63
6.583.124,1,6,6.0,,6,6,6.0,6.0,
6.583.142,1,2,2.0,,2,2,2.0,2.0,
6.584.012,4,65,16.25,21.484490529992403,1,48,4.75,19.5,132.21
6.584.034,4,103,25.75,18.980252896102307,13,54,16.75,27.0,73.71
6.584.038,1,5,5.0,,5,5,5.0,5.0,
6.584.038.011,3,11,3.6666666666666665,1.1547005383792515,3,5,3.0,4.0,31.49
6.584.062,1,2,2.0,,2,2,2.0,2.0,
6.584.063,1,2,2.0,,2,2,2.0,2.0,
6.584.092,1,6,6.0,,6,6,6.0,6.0,
6.585.423,1,41,41.0,,41,41,41.0,41.0,
6.585.752,1,42,42.0,,42,42,42.0,42.0,
6.862.252,1,1,1.0,,1,1,1.0,1.0,
604,1,3,3.0,,3,3,3.0,3.0,
604.2,3,18,6.0,6.082762530298219,2,13,2.5,8.0,101.38
612.815,1,2,2.0,,2,2,2.0,2.0,
62.000.420.285,2,4,2.0,0.0,2,2,2.0,2.0,0.0
62.000.452,1,12,12.0,,12,12,12.0,12.0,
62.011.223,1,6,6.0,,6,6,6.0,6.0,
62.131.042,2,59,29.5,38.890872965260115,2,57,15.75,43.25,131.83
62.131.924,2,156,78.0,90.50966799187809,14,142,46.0,110.0,116.04
62.415.136,3,206,68.66666666666667,67.89943544193379,15,145,30.5,95.5,98.88
62.418.341,2,13,6.5,2.1213203435596424,5,8,5.75,7.25,32.64
62.913.237,1,1,1.0,,1,1,1.0,1.0,
620.001,1,1,1.0,,1,1,1.0,1.0,
620.1,5,581,116.2,150.11395671289196,2,365,20.0,148.0,129.19
620.103,1,1,1.0,,1,1,1.0,1.0,
620.106,1,30,30.0,,30,30,30.0,30.0,
620.11,6,553,92.16666666666667,208.18397312633522,1,517,4.25,13.5,225.88
620.112,2,745,372.5,509.8239892355008,12,733,192.25,552.75,136.87
620.136,1,3,3.0,,3,3,3.0,3.0,
620.137,1,38,38.0,,38,38,38.0,38.0,
620.16,1,15,15.0,,15,15,15.0,15.0,
620.3,4,104,26.0,36.34097778908359,1,80,8.5,29.0,139.77
620.8,2,14,7.0,2.8284271247461903,5,9,6.0,8.0,40.41
620.82,4,117,29.25,45.34589286804263,1,97,7.0,31.75,155.03
620.86,1,1,1.0,,1,1,1.0,1.0,
621,1,14,14.0,,14,14,14.0,14.0,
621.392,1,4,4.0,,4,4,4.0,4.0,
621.56,1,18,18.0,,18,18,18.0,18.0,
621.6,1,33,33.0,,33,33,33.0,33.0,
621.8,1,33,33.0,,33,33,33.0,33.0,
621.811,1,32,32.0,,32,32,32.0,32.0,
621.815,6,477,79.5,149.78351044090266,13,385,15.5,26.75,188.41
621.84,1,1,1.0,,1,1,1.0,1.0,
624.1,5,53,10.6,12.25969004502153,1,28,1.0,19.0,115.66
624.15,4,33,8.25,10.53169818531972,2,24,2.75,9.0,127.66
624.151,2,4,2.0,1.4142135623730951,1,3,1.5,2.5,70.71
624.151.363,1,1,1.0,,1,1,1.0,1.0,
624.17,1,1,1.0,,1,1,1.0,1.0,
624.171,6,87,14.5,13.896042602122375,1,34,5.75,24.75,95.83
624.183,1,259,259.0,,259,259,259.0,259.0,
624.2,2,122,61.0,50.91168824543142,25,97,43.0,79.0,83.46
627,2,38,19.0,22.627416997969522,3,35,11.0,27.0,119.09
627.8,1,7,7.0,,7,7,7.0,7.0,
627.81,1,1,1.0,,1,1,1.0,1.0,
628.21,1,1,1.0,,1,1,1.0,1.0,
631.4,1,1,1.0,,1,1,1.0,1.0,
65.001.513,5,59,11.8,16.91744661584602,3,42,4.0,6.0,143.37
650.1,2,15,7.5,7.7781745930520225,2,13,4.75,10.25,103.71
650.14,1,10,10.0,,10,10,10.0,10.0,
657.42,3,76,25.333333333333332,37.81974792794544,3,69,3.5,36.5,149.29
658,1,4,4.0,,4,4,4.0,4.0,
658.001,2,33,16.5,21.920310216782973,1,32,8.75,24.25,132.85
658.15,4,57,14.25,10.996211468804457,1,27,8.5,20.25,77.17
658.152,3,42,14.0,10.44030650891055,7,26,8.0,17.5,74.57
658.154,1,1,1.0,,1,1,1.0,1.0,
658.2,1,1,1.0,,1,1,1.0,1.0,
658.202,1,5,5.0,,5,5,5.0,5.0,
658.23,1,5,5.0,,5,5,5.0,5.0,
658.3,2,3,1.5,0.7071067811865476,1,2,1.25,1.75,47.14
658.38,1,10,10.0,,10,10,10.0,10.0,
658.4,1,1,1.0,,1,1,1.0,1.0,
658.401,2,13,6.5,2.1213203435596424,5,8,5.75,7.25,32.64
658.403,1,4,4.0,,4,4,4.0,4.0,
658.404,8,97,12.125,11.764808297873548,1,30,2.5,22.25,97.03
658.406,3,60,20.0,17.349351572897472,9,40,10.0,25.5,86.75
658.409,2,10,5.0,4.242640687119285,2,8,3.5,6.5,84.85
658.42,2,123,61.5,16.263455967290593,50,73,55.75,67.25,26.44
658.421,1,2,2.0,,2,2,2.0,2.0,
658.5,11,206,18.727272727272727,17.664036396536943,4,59,6.5,23.5,94.32
658.51,1,3,3.0,,3,3,3.0,3.0,
658.542,1,2,2.0,,2,2,2.0,2.0,
658.562,9,227,25.22222222222222,19.803899728196072,5,56,10.0,38.0,78.52
658.575,2,15,7.5,9.192388155425117,1,14,4.25,10.75,122.57
658.78,4,169,42.25,29.88171124060111,7,80,31.0,52.25,70.73
658.8,5,24,4.8,5.805170109479997,1,15,2.0,4.0,120.94
660.283,1,2,2.0,,2,2,2.0,2.0,
669.9,1,11,11.0,,11,11,11.0,11.0,
670,1,2,2.0,,2,2,2.0,2.0,
670.42,2,39,19.5,17.67766952966369,7,32,13.25,25.75,90.65
671.35,2,130,65.0,43.840620433565945,34,96,49.5,80.5,67.45
671.52,4,68,17.0,22.015146301277824,2,49,2.75,22.75,129.5
672,1,79,79.0,,79,79,79.0,79.0,
68.176.041,1,11,11.0,,11,11,11.0,11.0,
681.2,1,9,9.0,,9,9,9.0,9.0,
690,2,28,14.0,14.142135623730951,4,24,9.0,19.0,101.02
691,1,18,18.0,,18,18,18.0,18.0,
693.71,1,4,4.0,,4,4,4.0,4.0,
696.1,2,41,20.5,10.606601717798213,13,28,16.75,24.25,51.74
697,1,24,24.0,,24,24,24.0,24.0,
698,1,10,10.0,,10,10,10.0,10.0,
720,1,2,2.0,,2,2,2.0,2.0,
745.403,1,7,7.0,,7,7,7.0,7.0,
745.44,1,1,1.0,,1,1,1.0,1.0,
8.130.876,1,20,20.0,,20,20,20.0,20.0,
808.066,3,177,59.0,39.0,35,104,36.5,71.0,66.1
809.894,1,3,3.0,,3,3,3.0,3.0,
813,24,95,3.9583333333333335,4.3085271029786325,1,21,1.75,4.0,108.85
813.5,1,22,22.0,,22,22,22.0,22.0,
813.6,1,1,1.0,,1,1,1.0,1.0,
820,1,2,2.0,,2,2,2.0,2.0,
822.33,1,13,13.0,,13,13,13.0,13.0,
823,12,80,6.666666666666667,5.532274451440438,1,20,2.75,8.75,82.98
823.91,3,25,8.333333333333334,4.041451884327381,4,12,6.5,10.5,48.5
823.92,1,1,1.0,,1,1,1.0,1.0,
833,1,3,3.0,,3,3,3.0,3.0,
833.91,1,15,15.0,,15,15,15.0,15.0,
843,2,17,8.5,0.7071067811865476,8,9,8.25,8.75,8.32
869,2,8,4.0,4.242640687119285,1,7,2.5,5.5,106.07
869.15,1,5,5.0,,5,5,5.0,5.0,
869.3,1,2,2.0,,2,2,2.0,2.0,
869.93,1,19,19.0,,19,19,19.0,19.0,
891.73,4,26,6.5,8.34665601703261,2,19,2.0,7.0,128.41
891.853,1,4,4.0,,4,4,4.0,4.0,
910.285,1,31,31.0,,31,31,31.0,31.0,
920.073,1,2,2.0,,2,2,2.0,2.0,
920.72,2,14,7.0,0.0,7,7,7.0,7.0,0.0
926.591,1,17,17.0,,17,17,17.0,17.0,
B869,1,3,3.0,,3,3,3.0,3.0,
B869.1,1,2,2.0,,2,2,2.0,2.0,
B869.3,8,44,5.5,3.162277660168379,2,11,2.75,7.25,57.5
B869.34,2,5,2.5,2.1213203435596424,1,4,1.75,3.25,84.85
Ir823,2,2,1.0,0.0,1,1,1.0,1.0,0.0
sem classificacao,1,21,21.0,,21,21,21.0,21.0,
